slot,candidate,quality_metric,quality_value,latency_metric,latency,peak_ram,size,status,score,measurement_kind,run_id
classifier,rules,macro_f1,0.9850552306692656,ms_per_message,0.04837999844716655,129855488,1962,"pending: missing integration_effort, battery_thermal, licence_openness",,laptop_proxy,rules-novad-20261002T091222649823
classifier,rules-tfidf-ensemble,macro_f1,0.9938271604938271,ms_per_message,0.22049444313678476,145432576,1373587,"pending: missing integration_effort, battery_thermal, licence_openness",,laptop_proxy,rules-tfidf-ensemble-novad-20261002T091238848908
classifier,tfidf-logreg,macro_f1,0.40631313131313135,ms_per_message,0.2143455565803581,146259968,1373718,"pending: missing integration_effort, battery_thermal, licence_openness",,laptop_proxy,tfidf-logreg-novad-20261002T091230863354
extraction,template-extractive,field_f1,0.9935064935064936,ms_per_thread,0.1968500270907368,121311232,0,"pending: missing integration_effort, battery_thermal, licence_openness",,laptop_proxy,template-extractive-novad-20261002T091256231424
ingest,whatsapp-export,not measured,,ms_per_export_fixture,0.005621000193059444,120729600,0,"pending: missing accuracy, integration_effort, battery_thermal, licence_openness",,laptop_proxy,whatsapp-export-novad-20261002T091714138257
integrity,Ed25519,tamper_detected,1.0,verify_10000_seconds,18.550598700065166,124260352,0,"pending: missing integration_effort, battery_thermal, licence_openness",,laptop_proxy,Ed25519-novad-20261002T091403738770
integrity,HMAC,tamper_detected,1.0,verify_10000_seconds,0.08221769984811544,123793408,0,"pending: missing integration_effort, battery_thermal, licence_openness",,laptop_proxy,HMAC-novad-20261002T091355858099
integrity,Merkle-tree,tamper_detected,1.0,verify_10000_seconds,0.04065999994054437,124493824,0,"pending: missing integration_effort, battery_thermal, licence_openness",,laptop_proxy,Merkle-tree-novad-20261002T091348722639
integrity,SHA256-chain,tamper_detected,1.0,verify_10000_seconds,0.017514199949800968,122699776,0,"pending: missing integration_effort, battery_thermal, licence_openness",,laptop_proxy,SHA256-chain-novad-20261002T091341692967
key,Argon2id-laptop,not measured,,unlock_seconds,0.27287539979442954,188518400,0,"pending: missing accuracy, integration_effort, battery_thermal, licence_openness",,laptop_proxy,Argon2id-laptop-novad-20261002T091332335179
language,script-heuristic,accuracy,0.8444444444444444,ms_per_message,0.01292111248605781,123805696,0,"pending: missing integration_effort, battery_thermal, licence_openness",,laptop_proxy,script-heuristic-novad-20261002T091248421026
linking,sender-time-rules,grouping_recall,0.30666666666666664,ms_per_1000_messages,3.341999836266041,121917440,0,"pending: missing integration_effort, battery_thermal, licence_openness",,laptop_proxy,sender-time-rules-novad-20261002T091303816342
pdf,ReportLab,not measured,,render_50_incidents_seconds,0.12322129961103201,150544384,0,"pending: missing accuracy, integration_effort, battery_thermal, licence_openness",,laptop_proxy,ReportLab-novad-20261002T091703551669
storage,SQLite-AES-GCM,not measured,,insert_10000_seconds,1.0085207996889949,128331776,0,"pending: missing accuracy, integration_effort, battery_thermal, licence_openness",,laptop_proxy,SQLite-AES-GCM-novad-20261002T091311852943
