candidate,source_id,source_citation_valid,all_claims_supported,indic_language_correct,reviewer,notes
template-extractive,case-040,,,,,
template-extractive,case-041,,,,,
template-extractive,case-042,,,,,
template-extractive,case-043,,,,,
template-extractive,case-044,,,,,
template-extractive,case-045,,,,,
template-extractive,case-046,,,,,
template-extractive,case-086,,,,,
template-extractive,case-087,,,,,
template-extractive,case-088,,,,,
template-extractive,case-089,,,,,
template-extractive,case-090,,,,,
template-extractive,case-091,,,,,
template-extractive,case-092,,,,,
