language,candidate,challenge,samples,flag_false_positives,flag_false_negatives,label_set_errors,note
en,rules,all,7,0,1,1,synthetic held-out fixture only; tiny per-language/challenge support
en,rules,misspelling,1,0,0,0,synthetic held-out fixture only; tiny per-language/challenge support
hi,rules,all,7,0,0,0,synthetic held-out fixture only; tiny per-language/challenge support
hi,rules,misspelling,1,0,0,0,synthetic held-out fixture only; tiny per-language/challenge support
hinglish,rules,all,21,0,0,0,synthetic held-out fixture only; tiny per-language/challenge support
hinglish,rules,misspelling,3,0,0,0,synthetic held-out fixture only; tiny per-language/challenge support
ml,rules,all,28,0,0,0,synthetic held-out fixture only; tiny per-language/challenge support
ml,rules,misspelling,4,0,0,0,synthetic held-out fixture only; tiny per-language/challenge support
manglish,rules,all,7,0,0,0,synthetic held-out fixture only; tiny per-language/challenge support
manglish,rules,victim_distress,7,0,0,0,synthetic held-out fixture only; tiny per-language/challenge support
mixed,rules,all,20,0,1,2,synthetic held-out fixture only; tiny per-language/challenge support
mixed,rules,veiled_threat,7,0,1,1,synthetic held-out fixture only; tiny per-language/challenge support
mixed,rules,misspelling,1,0,0,0,synthetic held-out fixture only; tiny per-language/challenge support
en,rules-tfidf-ensemble,all,7,0,1,1,synthetic held-out fixture only; tiny per-language/challenge support
en,rules-tfidf-ensemble,misspelling,1,0,0,0,synthetic held-out fixture only; tiny per-language/challenge support
hi,rules-tfidf-ensemble,all,7,0,0,0,synthetic held-out fixture only; tiny per-language/challenge support
hi,rules-tfidf-ensemble,misspelling,1,0,0,0,synthetic held-out fixture only; tiny per-language/challenge support
hinglish,rules-tfidf-ensemble,all,21,0,0,0,synthetic held-out fixture only; tiny per-language/challenge support
hinglish,rules-tfidf-ensemble,misspelling,3,0,0,0,synthetic held-out fixture only; tiny per-language/challenge support
ml,rules-tfidf-ensemble,all,28,0,0,0,synthetic held-out fixture only; tiny per-language/challenge support
ml,rules-tfidf-ensemble,misspelling,4,0,0,0,synthetic held-out fixture only; tiny per-language/challenge support
manglish,rules-tfidf-ensemble,all,7,0,0,0,synthetic held-out fixture only; tiny per-language/challenge support
manglish,rules-tfidf-ensemble,victim_distress,7,0,0,0,synthetic held-out fixture only; tiny per-language/challenge support
mixed,rules-tfidf-ensemble,all,20,0,0,0,synthetic held-out fixture only; tiny per-language/challenge support
mixed,rules-tfidf-ensemble,veiled_threat,7,0,0,0,synthetic held-out fixture only; tiny per-language/challenge support
mixed,rules-tfidf-ensemble,misspelling,1,0,0,0,synthetic held-out fixture only; tiny per-language/challenge support
en,tfidf-logreg,all,7,0,7,7,synthetic held-out fixture only; tiny per-language/challenge support
en,tfidf-logreg,misspelling,1,0,1,1,synthetic held-out fixture only; tiny per-language/challenge support
hi,tfidf-logreg,all,7,0,7,7,synthetic held-out fixture only; tiny per-language/challenge support
hi,tfidf-logreg,misspelling,1,0,1,1,synthetic held-out fixture only; tiny per-language/challenge support
hinglish,tfidf-logreg,all,21,0,14,21,synthetic held-out fixture only; tiny per-language/challenge support
hinglish,tfidf-logreg,misspelling,3,0,2,3,synthetic held-out fixture only; tiny per-language/challenge support
ml,tfidf-logreg,all,28,0,21,21,synthetic held-out fixture only; tiny per-language/challenge support
ml,tfidf-logreg,misspelling,4,0,3,3,synthetic held-out fixture only; tiny per-language/challenge support
manglish,tfidf-logreg,all,7,0,0,0,synthetic held-out fixture only; tiny per-language/challenge support
manglish,tfidf-logreg,victim_distress,7,0,0,0,synthetic held-out fixture only; tiny per-language/challenge support
mixed,tfidf-logreg,all,20,0,0,0,synthetic held-out fixture only; tiny per-language/challenge support
mixed,tfidf-logreg,veiled_threat,7,0,0,0,synthetic held-out fixture only; tiny per-language/challenge support
mixed,tfidf-logreg,misspelling,1,0,0,0,synthetic held-out fixture only; tiny per-language/challenge support
